country,sex,year,ear_xees_sex_nb
arg,sex_t,1996,589.0
arg,sex_m,1996,660.0
arg,sex_f,1996,480.0
arg,sex_t,1997,585.0
arg,sex_m,1997,651.0
arg,sex_f,1997,486.0
arg,sex_t,1998,619.0
arg,sex_m,1998,695.0
arg,sex_f,1998,509.0
arg,sex_t,1999,596.0
arg,sex_m,1999,663.0
arg,sex_f,1999,504.0
arg,sex_t,2000,589.0
arg,sex_m,2000,661.0
arg,sex_f,2000,492.0
arg,sex_t,2001,571.0
arg,sex_m,2001,641.0
arg,sex_f,2001,479.0
arg,sex_t,2002,524.0
arg,sex_m,2002,613.0
arg,sex_f,2002,424.0
arg,sex_t,2003,579.0
arg,sex_m,2003,679.0
arg,sex_f,2003,464.0
arg,sex_t,2004,633.0
arg,sex_m,2004,743.0
arg,sex_f,2004,503.0
arg,sex_t,2005,819.0
arg,sex_m,2005,951.0
arg,sex_f,2005,658.0
arg,sex_t,2006,1024.0
arg,sex_m,2006,1173.0
arg,sex_f,2006,840.0
arg,sex_t,2007,1302.0
arg,sex_m,2007,1513.0
arg,sex_f,2007,1031.0
arg,sex_t,2008,1648.0
arg,sex_m,2008,1880.0
arg,sex_f,2008,1349.0
arg,sex_t,2009,1958.0
arg,sex_m,2009,2183.0
arg,sex_f,2009,1680.0
arg,sex_t,2010,2527.0
arg,sex_m,2010,2811.0
arg,sex_f,2010,2159.0
arm,sex_t,1996,9469.0
arm,sex_t,1997,13581.0
arm,sex_t,1998,18000.0
arm,sex_t,1999,20157.0
arm,sex_t,2000,22706.0
arm,sex_m,2000,29208.0
arm,sex_f,2000,15160.0
arm,sex_t,2001,24483.0
arm,sex_m,2001,33921.0
arm,sex_f,2001,15528.0
arm,sex_t,2002,27324.0
arm,sex_m,2002,41452.0
arm,sex_f,2002,16865.0
arm,sex_t,2003,34783.0
arm,sex_m,2003,49831.0
arm,sex_f,2003,20990.0
arm,sex_t,2004,43445.0
arm,sex_m,2004,57043.0
arm,sex_f,2004,30485.0
arm,sex_t,2005,52060.0
arm,sex_m,2005,66301.0
arm,sex_f,2005,38131.0
arm,sex_t,2006,62293.0
arm,sex_m,2006,81625.0
arm,sex_f,2006,48343.0
arm,sex_t,2007,74227.0
arm,sex_m,2007,96802.0
arm,sex_f,2007,58101.0
arm,sex_t,2008,87406.0
arm,sex_m,2008,116787.0
arm,sex_f,2008,68010.0
arm,sex_t,2009,96019.0
arm,sex_m,2009,126765.0
arm,sex_f,2009,77127.0
arm,sex_t,2010,102652.0
arm,sex_m,2010,124757.0
arm,sex_f,2010,79919.0
arm,sex_t,2011,115265.0
aus,sex_t,1995,2386.0
aus,sex_m,1995,2847.0
aus,sex_f,1995,1867.0
aus,sex_t,1996,2456.0
aus,sex_m,1996,2925.0
aus,sex_f,1996,1924.0
aus,sex_t,1997,2530.0
aus,sex_m,1997,3014.0
aus,sex_f,1997,1996.0
aus,sex_t,1998,2600.0
aus,sex_m,1998,3117.0
aus,sex_f,1998,2044.0
aus,sex_t,1999,2639.0
aus,sex_m,1999,3172.0
aus,sex_f,1999,2082.0
aus,sex_t,2000,2760.0
aus,sex_m,2000,3299.0
aus,sex_f,2000,2187.0
aus,sex_t,2001,2884.0
aus,sex_m,2001,3439.0
aus,sex_f,2001,2286.0
aus,sex_t,2002,2992.0
aus,sex_m,2002,3599.0
aus,sex_f,2002,2347.0
aus,sex_t,2003,3146.0
aus,sex_m,2003,3790.0
aus,sex_f,2003,2451.0
aus,sex_t,2004,3258.0
aus,sex_m,2004,3893.0
aus,sex_f,2004,2553.0
aus,sex_t,2005,3431.0
aus,sex_m,2005,4102.0
aus,sex_f,2005,2680.0
aus,sex_t,2006,3579.0
aus,sex_m,2006,4289.0
aus,sex_f,2006,2791.0
aus,sex_t,2007,3748.0
aus,sex_m,2007,4503.0
aus,sex_f,2007,2932.0
aus,sex_t,2008,3881.0
aus,sex_m,2008,4690.0
aus,sex_f,2008,3047.0
aus,sex_t,2009,4046.0
aus,sex_m,2009,4903.0
aus,sex_f,2009,3181.0
aus,sex_t,2010,4253.0
aus,sex_m,2010,5153.0
aus,sex_f,2010,3341.0
aus,sex_t,2011,4425.0
aus,sex_m,2011,5374.0
aus,sex_f,2011,3473.0
aut,sex_t,1997,1866.0
aut,sex_m,1997,2263.0
aut,sex_f,1997,1357.0
aut,sex_t,1998,1905.0
aut,sex_m,1998,2326.0
aut,sex_f,1998,1375.0
aut,sex_t,1999,1943.0
aut,sex_m,1999,2373.0
aut,sex_f,1999,1407.0
aut,sex_t,2000,1987.0
aut,sex_m,2000,2442.0
aut,sex_f,2000,1434.0
aut,sex_t,2001,2003.0
aut,sex_m,2001,2455.0
aut,sex_f,2001,1462.0
aut,sex_t,2002,2035.0
aut,sex_m,2002,2488.0
aut,sex_f,2002,1495.0
aut,sex_t,2003,2064.0
aut,sex_m,2003,2523.0
aut,sex_f,2003,1521.0
aut,sex_t,2004,2092.0
aut,sex_m,2004,2559.0
aut,sex_f,2004,1542.0
aut,sex_t,2005,2142.0
aut,sex_m,2005,2619.0
aut,sex_f,2005,1584.0
aut,sex_t,2006,2208.0
aut,sex_m,2006,2707.0
aut,sex_f,2006,1631.0
aut,sex_t,2007,2288.0
aut,sex_m,2007,2814.0
aut,sex_f,2007,1685.0
aut,sex_t,2008,2355.0
aut,sex_m,2008,2899.0
aut,sex_f,2008,1739.0
aut,sex_t,2009,2378.0
aut,sex_m,2009,2909.0
aut,sex_f,2009,1784.0
aut,sex_t,2010,2393.0
aut,sex_m,2010,2923.0
aut,sex_f,2010,1804.0
aze,sex_m,1999,45.0
aze,sex_f,1999,20.0
aze,sex_m,2000,59.0
aze,sex_f,2000,27.0
aze,sex_m,2001,72.0
aze,sex_f,2001,30.0
aze,sex_m,2002,84.0
aze,sex_f,2002,36.0
aze,sex_m,2003,103.0
aze,sex_f,2003,46.0
aze,sex_m,2004,131.0
aze,sex_f,2004,58.0
aze,sex_m,2005,162.0
aze,sex_f,2005,75.0
aze,sex_m,2006,192.0
aze,sex_f,2006,91.0
aze,sex_m,2007,277.0
aze,sex_f,2007,140.0
aze,sex_m,2008,325.0
aze,sex_f,2008,185.0
aze,sex_m,2010,413.0
aze,sex_f,2010,227.0
bel,sex_t,1999,2089.0
bel,sex_m,1999,2283.0
bel,sex_f,1999,1639.0
bel,sex_t,2000,2151.0
bel,sex_m,2000,2338.0
bel,sex_f,2000,1719.0
bel,sex_t,2001,2233.0
bel,sex_m,2001,2440.0
bel,sex_f,2001,1806.0
bel,sex_t,2002,2264.0
bel,sex_m,2002,2462.0
bel,sex_f,2002,1834.0
bel,sex_t,2003,2370.0
bel,sex_m,2003,2592.0
bel,sex_f,2003,1932.0
bel,sex_t,2004,2467.0
bel,sex_m,2004,2677.0
bel,sex_f,2004,2003.0
bel,sex_t,2005,2503.0
bel,sex_m,2005,2720.0
bel,sex_f,2005,2049.0
bel,sex_t,2006,2560.0
bel,sex_m,2006,2756.0
bel,sex_f,2006,2106.0
bel,sex_t,2007,2576.0
bel,sex_m,2007,2783.0
bel,sex_f,2007,2130.0
bel,sex_t,2008,2687.0
bel,sex_m,2008,2909.0
bel,sex_f,2008,2242.0
bel,sex_t,2009,2792.0
bel,sex_m,2009,2999.0
bel,sex_f,2009,2343.0
bel,sex_t,2010,2831.0
bgr,sex_t,2000,225.0
bgr,sex_m,2000,256.0
bgr,sex_f,2000,194.0
bgr,sex_t,2001,240.0
bgr,sex_m,2001,273.0
bgr,sex_f,2001,209.0
bgr,sex_t,2002,258.0
bgr,sex_m,2002,290.0
bgr,sex_f,2002,227.0
bgr,sex_t,2003,273.0
bgr,sex_m,2003,303.0
bgr,sex_f,2003,246.0
bgr,sex_t,2004,292.0
bgr,sex_m,2004,321.0
bgr,sex_f,2004,265.0
bgr,sex_t,2005,324.0
bgr,sex_m,2005,356.0
bgr,sex_f,2005,293.0
bgr,sex_t,2006,360.0
bgr,sex_m,2006,393.0
bgr,sex_f,2006,327.0
bgr,sex_t,2007,431.0
bgr,sex_m,2007,469.0
bgr,sex_f,2007,391.0
bgr,sex_t,2008,545.0
bgr,sex_m,2008,597.0
bgr,sex_f,2008,490.0
bgr,sex_t,2009,609.0
bgr,sex_m,2009,673.0
bgr,sex_f,2009,544.0
bgr,sex_t,2010,648.0
bgr,sex_m,2010,718.0
bgr,sex_f,2010,579.0
bgr,sex_t,2011,707.0
bhr,sex_t,2002,255.0
bhr,sex_m,2002,254.0
bhr,sex_f,2002,263.0
bhr,sex_t,2003,267.0
bhr,sex_m,2003,258.0
bhr,sex_f,2003,300.0
bhr,sex_t,2004,264.0
bhr,sex_m,2004,255.0
bhr,sex_f,2004,302.0
bhr,sex_t,2005,260.0
bhr,sex_m,2005,250.0
bhr,sex_f,2005,303.0
bhr,sex_t,2006,259.0
bhr,sex_m,2006,250.0
bhr,sex_f,2006,296.0
bhr,sex_t,2007,281.0
bhr,sex_m,2007,267.0
bhr,sex_f,2007,337.0
bhr,sex_t,2008,307.0
bhr,sex_m,2008,293.0
bhr,sex_f,2008,363.0
bhr,sex_t,2009,303.0
bhr,sex_m,2009,294.0
bhr,sex_f,2009,337.0
bhr,sex_t,2010,322.0
bhr,sex_m,2010,311.0
bhr,sex_f,2010,366.0
blr,sex_m,1995,1139022.0
blr,sex_f,1995,900421.0
blr,sex_m,1996,1685964.0
blr,sex_f,1996,1449484.0
blr,sex_m,1997,3620277.0
blr,sex_f,1997,2926395.0
blr,sex_m,1998,8606164.0
blr,sex_f,1998,7304733.0
blr,sex_m,1999,38540745.0
blr,sex_f,1999,31051020.0
blr,sex_m,2000,97203.0
blr,sex_f,2000,78700.0
blr,sex_f,2001,150434.0
blr,sex_m,2001,181934.0
blr,sex_m,2002,245768.0
blr,sex_f,2002,198805.0
blr,sex_m,2003,334168.0
blr,sex_f,2003,265471.0
blr,sex_m,2004,478432.0
blr,sex_f,2004,388228.0
blr,sex_m,2005,625525.0
blr,sex_f,2005,495046.0
blr,sex_m,2006,738030.0
blr,sex_f,2006,589475.0
blr,sex_m,2007,886521.0
blr,sex_f,2007,694843.0
blr,sex_m,2008,1147784.0
blr,sex_f,2008,848048.0
blr,sex_m,2009,1240210.0
blr,sex_f,2009,924671.0
blr,sex_m,2010,1792072.0
blr,sex_f,2010,1373092.0
bra,sex_t,1995,399.0
bra,sex_m,1995,470.0
bra,sex_f,1995,300.0
bra,sex_t,1996,452.0
bra,sex_m,1996,524.0
bra,sex_f,1996,354.0
bra,sex_t,1997,477.0
bra,sex_m,1997,552.0
bra,sex_f,1997,377.0
bra,sex_t,1998,500.0
bra,sex_m,1998,580.0
bra,sex_f,1998,395.0
bra,sex_t,1999,496.0
bra,sex_m,1999,571.0
bra,sex_f,1999,399.0
bra,sex_t,2001,552.0
bra,sex_m,2001,635.0
bra,sex_f,2001,449.0
bra,sex_t,2002,593.0
bra,sex_m,2002,681.0
bra,sex_f,2002,484.0
bra,sex_t,2003,643.0
bra,sex_m,2003,735.0
bra,sex_f,2003,530.0
bra,sex_t,2004,684.0
bra,sex_m,2004,782.0
bra,sex_f,2004,565.0
bra,sex_t,2005,754.0
bra,sex_m,2005,860.0
bra,sex_f,2005,624.0
bra,sex_t,2006,824.0
bra,sex_m,2006,941.0
bra,sex_f,2006,685.0
bra,sex_t,2007,894.0
bra,sex_m,2007,1021.0
bra,sex_f,2007,742.0
bra,sex_t,2008,971.0
bra,sex_m,2008,1107.0
bra,sex_f,2008,807.0
bra,sex_t,2009,1051.0
bra,sex_m,2009,1204.0
bra,sex_f,2009,871.0
bwa,sex_m,2007,4047.0
bwa,sex_f,2007,3606.0
bwa,sex_m,2009,4967.0
bwa,sex_f,2009,4214.0
bwa,sex_m,2010,5370.0
bwa,sex_f,2010,4475.0
can,sex_m,1997,2912.0
can,sex_f,1997,2015.0
can,sex_m,1998,2955.0
can,sex_f,1998,2049.0
can,sex_m,1999,3031.0
can,sex_f,1999,2109.0
can,sex_m,2000,3130.0
can,sex_f,2000,2172.0
can,sex_m,2001,3226.0
can,sex_f,2001,2251.0
can,sex_m,2002,3287.0
can,sex_f,2002,2319.0
can,sex_m,2003,3344.0
can,sex_f,2003,2380.0
can,sex_m,2004,3414.0
can,sex_f,2004,2461.0
can,sex_m,2005,3520.0
can,sex_f,2005,2556.0
can,sex_m,2006,3639.0
can,sex_f,2006,2649.0
can,sex_m,2007,3753.0
can,sex_f,2007,2744.0
can,sex_m,2008,3913.0
can,sex_f,2008,2858.0
can,sex_m,2009,4000.0
can,sex_f,2009,2973.0
can,sex_m,2010,4077.0
can,sex_f,2010,3036.0
can,sex_m,2011,4142.0
can,sex_f,2011,3132.0
che,sex_t,1996,5539.0
che,sex_m,1996,6057.0
che,sex_f,1996,4509.0
che,sex_t,1998,5744.0
che,sex_m,1998,6259.0
che,sex_f,1998,4686.0
che,sex_t,2000,5937.0
che,sex_m,2000,6487.0
che,sex_f,2000,4844.0
che,sex_t,2002,6184.0
che,sex_m,2002,6773.0
che,sex_f,2002,5116.0
che,sex_t,2004,6385.0
che,sex_m,2004,6975.0
che,sex_f,2004,5314.0
che,sex_t,2006,6617.0
che,sex_m,2006,7234.0
che,sex_f,2006,5517.0
che,sex_t,2008,6879.0
che,sex_m,2008,7560.0
che,sex_f,2008,5707.0
che,sex_t,2010,7030.0
che,sex_m,2010,7690.0
che,sex_f,2010,5902.0
cod,sex_t,2005,10442.0
cod,sex_m,2005,12293.0
cod,sex_f,2005,7731.0
col,sex_t,1995,244105.0
col,sex_m,1995,268634.0
col,sex_f,1995,212843.0
col,sex_t,1996,296768.0
col,sex_m,1996,325746.0
col,sex_f,1996,260200.0
col,sex_t,1997,367567.0
col,sex_m,1997,405830.0
col,sex_f,1997,321083.0
col,sex_t,1998,447686.0
col,sex_m,1998,491450.0
col,sex_f,1998,394930.0
col,sex_t,1999,471982.0
col,sex_m,1999,507983.0
col,sex_f,1999,431387.0
col,sex_m,2000,502015.0
col,sex_f,2000,453552.0
col,sex_t,2000,478753.0
col,sex_t,2002,502996.0
col,sex_m,2002,510819.0
col,sex_f,2002,494527.0
col,sex_t,2003,544564.0
col,sex_m,2003,580873.0
col,sex_f,2003,504443.0
col,sex_t,2004,595851.0
col,sex_m,2004,636941.0
col,sex_f,2004,550941.0
col,sex_t,2005,662061.0
col,sex_m,2005,695383.0
col,sex_f,2005,623537.0
col,sex_t,2006,672658.0
col,sex_m,2006,716075.0
col,sex_f,2006,625285.0
col,sex_t,2007,860382.0
col,sex_m,2007,895364.0
col,sex_f,2007,817793.0
col,sex_t,2008,947183.0
col,sex_m,2008,1003445.0
col,sex_f,2008,882040.0
col,sex_t,2009,921903.0
col,sex_m,2009,974912.0
col,sex_f,2009,860458.0
col,sex_t,2010,1010375.0
col,sex_m,2010,1089158.0
col,sex_f,2010,921469.0
cri,sex_t,1995,66811.0
cri,sex_m,1995,73294.0
cri,sex_f,1995,56230.0
cri,sex_t,1996,78519.0
cri,sex_m,1996,83950.0
cri,sex_f,1996,69709.0
cri,sex_t,1997,91040.0
cri,sex_m,1997,95789.0
cri,sex_f,1997,83668.0
cri,sex_t,1998,108263.0
cri,sex_m,1998,117439.0
cri,sex_f,1998,94825.0
cri,sex_t,1999,112584.0
cri,sex_m,1999,123181.0
cri,sex_f,1999,96611.0
cri,sex_t,2000,127566.0
cri,sex_m,2000,138273.0
cri,sex_f,2000,111747.0
cri,sex_t,2001,149782.0
cri,sex_m,2001,161366.0
cri,sex_f,2001,133788.0
cri,sex_t,2002,161939.0
cri,sex_m,2002,177789.0
cri,sex_f,2002,139293.0
cri,sex_t,2003,175537.0
cri,sex_m,2003,187437.0
cri,sex_f,2003,157937.0
cri,sex_t,2004,192003.0
cri,sex_m,2004,205300.0
cri,sex_f,2004,171478.0
cri,sex_t,2005,207414.0
cri,sex_m,2005,224695.0
cri,sex_f,2005,181968.0
cri,sex_t,2006,236890.0
cri,sex_m,2006,253971.0
cri,sex_f,2006,213140.0
cri,sex_t,2007,272842.0
cri,sex_m,2007,298172.0
cri,sex_f,2007,237808.0
cri,sex_t,2008,309542.0
cri,sex_m,2008,339125.0
cri,sex_f,2008,271571.0
cri,sex_t,2009,369621.0
cri,sex_m,2009,390767.0
cri,sex_f,2009,340767.0
cri,sex_t,2010,400996.0
cri,sex_m,2010,425637.0
cri,sex_f,2010,368469.0
cyp,sex_t,1999,1317.0
cyp,sex_m,1999,1469.0
cyp,sex_f,1999,1078.0
cyp,sex_t,2000,1411.0
cyp,sex_m,2000,1572.0
cyp,sex_f,2000,1165.0
cyp,sex_t,2001,1483.0
cyp,sex_m,2001,1652.0
cyp,sex_f,2001,1225.0
cyp,sex_t,2002,1558.0
cyp,sex_m,2002,1729.0
cyp,sex_f,2002,1295.0
cyp,sex_t,2003,1654.0
cyp,sex_m,2003,1837.0
cyp,sex_f,2003,1374.0
cyp,sex_t,2004,1722.0
cyp,sex_m,2004,1912.0
cyp,sex_f,2004,1432.0
cyp,sex_t,2005,1815.0
cyp,sex_m,2005,2013.0
cyp,sex_f,2005,1510.0
cyp,sex_t,2006,1900.0
cyp,sex_m,2006,2100.0
cyp,sex_f,2006,1589.0
cyp,sex_t,2007,1968.0
cyp,sex_m,2007,2168.0
cyp,sex_f,2007,1651.0
cyp,sex_t,2008,2064.0
cyp,sex_m,2008,2267.0
cyp,sex_f,2008,1760.0
cyp,sex_t,2009,2130.0
cyp,sex_m,2009,2336.0
cyp,sex_f,2009,1824.0
cze,sex_t,2005,21674.0
cze,sex_m,2005,24271.0
cze,sex_f,2005,18221.0
cze,sex_t,2006,22908.0
cze,sex_m,2006,25593.0
cze,sex_f,2006,19305.0
cze,sex_t,2007,24604.0
cze,sex_m,2007,27489.0
cze,sex_f,2007,20684.0
cze,sex_t,2008,26349.0
cze,sex_m,2008,29628.0
cze,sex_f,2008,21939.0
cze,sex_t,2009,26677.0
cze,sex_m,2009,29953.0
cze,sex_f,2009,22414.0
cze,sex_t,2010,26881.0
cze,sex_m,2010,30192.0
cze,sex_f,2010,22666.0
cze,sex_t,2011,25645.0
cze,sex_m,2011,28234.0
cze,sex_f,2011,22389.0
deu,sex_t,1995,2281.0
deu,sex_m,1995,2470.0
deu,sex_f,1995,1858.0
deu,sex_t,1996,2344.0
deu,sex_m,1996,2539.0
deu,sex_f,1996,1933.0
deu,sex_t,1997,2389.0
deu,sex_m,1997,2580.0
deu,sex_f,1997,1985.0
deu,sex_t,1998,2447.0
deu,sex_m,1998,2639.0
deu,sex_f,1998,2039.0
deu,sex_t,1999,2518.0
deu,sex_m,1999,2713.0
deu,sex_f,1999,2105.0
deu,sex_t,2000,2551.0
deu,sex_m,2000,2732.0
deu,sex_f,2000,2150.0
deu,sex_t,2001,2617.0
deu,sex_m,2001,2800.0
deu,sex_f,2001,2216.0
deu,sex_t,2002,2701.0
deu,sex_m,2002,2889.0
deu,sex_f,2002,2286.0
deu,sex_t,2003,2783.0
deu,sex_m,2003,2972.0
deu,sex_f,2003,2359.0
deu,sex_t,2004,2846.0
deu,sex_m,2004,3034.0
deu,sex_f,2004,2421.0
deu,sex_t,2005,2901.0
deu,sex_m,2005,3088.0
deu,sex_f,2005,2475.0
deu,sex_t,2006,2950.0
deu,sex_m,2006,3138.0
deu,sex_f,2006,2522.0
deu,sex_t,2007,3023.0
deu,sex_m,2007,3211.0
deu,sex_f,2007,2590.0
deu,sex_t,2008,3103.0
deu,sex_m,2008,3294.0
deu,sex_f,2008,2661.0
deu,sex_t,2009,3141.0
deu,sex_m,2009,3320.0
deu,sex_f,2009,2729.0
deu,sex_t,2010,3227.0
deu,sex_m,2010,3416.0
deu,sex_f,2010,2791.0
deu,sex_t,2011,3311.0
deu,sex_m,2011,3508.0
deu,sex_f,2011,2861.0
dnk,sex_t,2009,35388.0
dnk,sex_m,2009,38032.0
dnk,sex_f,2009,32346.0
dnk,sex_t,2010,36538.0
dnk,sex_m,2010,39297.0
dnk,sex_f,2010,33416.0
ecu,sex_t,1995,180.0
ecu,sex_m,1995,197.0
ecu,sex_f,1995,151.0
ecu,sex_t,1996,189.0
ecu,sex_m,1996,205.0
ecu,sex_f,1996,162.0
ecu,sex_t,1997,217.0
ecu,sex_m,1997,232.0
ecu,sex_f,1997,192.0
ecu,sex_t,1998,187.0
ecu,sex_m,1998,204.0
ecu,sex_f,1998,158.0
ecu,sex_t,1999,120.0
ecu,sex_m,1999,128.0
ecu,sex_f,1999,105.0
ecu,sex_t,2000,122.0
ecu,sex_m,2000,130.0
ecu,sex_f,2000,108.0
ecu,sex_t,2001,173.0
ecu,sex_m,2001,189.0
ecu,sex_f,2001,144.0
ecu,sex_t,2002,250.0
ecu,sex_m,2002,270.0
ecu,sex_f,2002,214.0
ecu,sex_t,2003,260.0
ecu,sex_m,2003,274.0
ecu,sex_f,2003,236.0
ecu,sex_t,2004,325.0
ecu,sex_m,2004,338.0
ecu,sex_f,2004,304.0
ecu,sex_t,2005,311.0
ecu,sex_m,2005,331.0
ecu,sex_f,2005,279.0
ecu,sex_t,2006,322.0
ecu,sex_m,2006,334.0
ecu,sex_f,2006,300.0
ecu,sex_t,2007,363.0
ecu,sex_m,2007,384.0
ecu,sex_f,2007,327.0
ecu,sex_t,2008,382.0
ecu,sex_m,2008,403.0
ecu,sex_f,2008,349.0
ecu,sex_t,2009,401.0
ecu,sex_m,2009,421.0
ecu,sex_f,2009,367.0
ecu,sex_t,2010,441.0
ecu,sex_m,2010,456.0
ecu,sex_f,2010,417.0
ecu,sex_t,2011,478.0
ecu,sex_m,2011,489.0
ecu,sex_f,2011,460.0
egy,sex_t,1996,429.0
egy,sex_m,1996,442.0
egy,sex_f,1996,360.0
egy,sex_t,1997,464.0
egy,sex_m,1997,472.0
egy,sex_f,1997,407.0
egy,sex_t,1998,490.0
egy,sex_m,1998,498.0
egy,sex_f,1998,425.0
egy,sex_t,1999,620.0
egy,sex_m,1999,641.0
egy,sex_f,1999,503.0
egy,sex_t,2000,702.0
egy,sex_m,2000,732.0
egy,sex_f,2000,542.0
egy,sex_t,2001,667.0
egy,sex_m,2001,680.0
egy,sex_f,2001,576.0
egy,sex_t,2002,706.0
egy,sex_m,2002,724.0
egy,sex_f,2002,602.0
egy,sex_t,2003,754.0
egy,sex_m,2003,776.0
egy,sex_f,2003,646.0
egy,sex_t,2004,823.0
egy,sex_m,2004,836.0
egy,sex_f,2004,732.0
egy,sex_t,2005,897.0
egy,sex_m,2005,932.0
egy,sex_f,2005,724.0
egy,sex_t,2006,992.0
egy,sex_m,2006,1023.0
egy,sex_f,2006,815.0
egy,sex_t,2007,1092.0
egy,sex_m,2007,1131.0
egy,sex_f,2007,880.0
esp,sex_m,2004,1721.0
esp,sex_f,2004,1247.0
esp,sex_m,2005,1775.0
esp,sex_f,2005,1287.0
esp,sex_m,2006,1845.0
esp,sex_f,2006,1359.0
esp,sex_m,2007,1914.0
esp,sex_f,2007,1424.0
esp,sex_m,2008,1991.0
esp,sex_f,2008,1556.0
esp,sex_m,2009,2064.0
esp,sex_f,2009,1610.0
esp,sex_m,2010,2097.0
esp,sex_f,2010,1624.0
esp,sex_m,2011,2118.0
esp,sex_f,2011,1641.0
est,sex_m,2005,612.0
est,sex_f,2005,450.0
est,sex_m,2006,736.0
est,sex_f,2006,531.0
est,sex_m,2007,899.0
est,sex_f,2007,641.0
est,sex_m,2008,980.0
est,sex_f,2008,729.0
fin,sex_t,1995,10702.0
fin,sex_m,1995,11972.0
fin,sex_f,1995,9413.0
fin,sex_t,1996,11166.0
fin,sex_m,1996,12426.0
fin,sex_f,1996,9883.0
fin,sex_t,1997,11261.0
fin,sex_m,1997,12566.0
fin,sex_f,1997,9912.0
fin,sex_t,1998,11667.0
fin,sex_m,1998,12984.0
fin,sex_f,1998,10277.0
fin,sex_t,1999,12044.0
fin,sex_m,1999,13363.0
fin,sex_f,1999,10312.0
fin,sex_t,2000,12658.0
fin,sex_m,2000,14111.0
fin,sex_f,2000,11116.0
fin,sex_t,2001,2209.0
fin,sex_m,2001,2441.0
fin,sex_f,2001,1957.0
fin,sex_t,2002,2287.0
fin,sex_m,2002,2523.0
fin,sex_f,2002,2028.0
fin,sex_t,2003,2372.0
fin,sex_m,2003,2621.0
fin,sex_f,2003,2107.0
fin,sex_t,2004,2459.0
fin,sex_m,2004,2708.0
fin,sex_f,2004,2190.0
fin,sex_t,2005,2555.0
fin,sex_m,2005,2813.0
fin,sex_f,2005,2275.0
fin,sex_t,2006,2634.0
fin,sex_m,2006,2922.0
fin,sex_f,2006,2343.0
fin,sex_t,2007,2734.0
fin,sex_m,2007,3035.0
fin,sex_f,2007,2433.0
fin,sex_t,2008,2876.0
fin,sex_m,2008,3185.0
fin,sex_f,2008,2575.0
fin,sex_t,2009,2971.0
fin,sex_m,2009,3288.0
fin,sex_f,2009,2667.0
fin,sex_t,2010,3043.0
fin,sex_m,2010,3358.0
fin,sex_f,2010,2736.0
fra,sex_t,1998,2127.0
fra,sex_m,1998,2282.0
fra,sex_f,1998,1820.0
fra,sex_t,1999,2162.0
fra,sex_m,1999,2313.0
fra,sex_f,1999,1854.0
fra,sex_t,2000,2180.0
fra,sex_m,2000,2320.0
fra,sex_f,2000,1890.0
fra,sex_t,2001,2230.0
fra,sex_m,2001,2380.0
fra,sex_f,2001,1940.0
fra,sex_t,2002,2430.0
fra,sex_m,2002,2600.0
fra,sex_f,2002,2080.0
fra,sex_t,2003,2490.0
fra,sex_m,2003,2670.0
fra,sex_f,2003,2140.0
fra,sex_t,2004,2440.0
fra,sex_m,2004,2610.0
fra,sex_f,2004,2120.0
fra,sex_t,2005,2520.0
fra,sex_m,2005,2690.0
fra,sex_f,2005,2190.0
fra,sex_t,2006,2580.0
fra,sex_m,2006,2760.0
fra,sex_f,2006,2250.0
fra,sex_t,2007,2660.0
fra,sex_m,2007,2850.0
fra,sex_f,2007,2320.0
fra,sex_t,2008,2758.0
fra,sex_m,2008,2955.0
fra,sex_f,2008,2401.0
fra,sex_t,2009,2798.0
fra,sex_m,2009,2988.0
fra,sex_f,2009,2461.0
gbr,sex_t,1997,1354.0
gbr,sex_m,1997,1711.0
gbr,sex_f,1997,972.0
gbr,sex_t,1998,1424.0
gbr,sex_m,1998,1801.0
gbr,sex_f,1998,1017.0
gbr,sex_t,1999,1477.0
gbr,sex_m,1999,1861.0
gbr,sex_f,1999,1066.0
gbr,sex_t,2000,1536.0
gbr,sex_m,2000,1932.0
gbr,sex_f,2000,1105.0
gbr,sex_t,2001,1620.0
gbr,sex_m,2001,2037.0
gbr,sex_f,2001,1172.0
gbr,sex_t,2002,1697.0
gbr,sex_m,2002,2138.0
gbr,sex_f,2002,1231.0
gbr,sex_t,2003,1752.0
gbr,sex_m,2003,2197.0
gbr,sex_f,2003,1283.0
gbr,sex_t,2004,1792.0
gbr,sex_m,2004,2229.0
gbr,sex_f,2004,1337.0
gbr,sex_t,2005,1832.0
gbr,sex_m,2005,2275.0
gbr,sex_f,2005,1385.0
gbr,sex_t,2006,1907.0
gbr,sex_m,2006,2362.0
gbr,sex_f,2006,1444.0
gbr,sex_t,2007,1964.0
gbr,sex_m,2007,2421.0
gbr,sex_f,2007,1490.0
gbr,sex_t,2008,2051.0
gbr,sex_m,2008,2530.0
gbr,sex_f,2008,1554.0
gbr,sex_t,2009,2084.0
gbr,sex_m,2009,2554.0
gbr,sex_f,2009,1604.0
gbr,sex_t,2010,2113.0
gbr,sex_m,2010,2581.0
gbr,sex_f,2010,1634.0
gbr,sex_t,2011,2129.0
gbr,sex_m,2011,2591.0
gbr,sex_f,2011,1653.0
geo,sex_t,1998,55.0
geo,sex_t,1999,68.0
geo,sex_m,1999,91.0
geo,sex_f,1999,47.0
geo,sex_t,2000,72.0
geo,sex_m,2000,96.0
geo,sex_f,2000,52.0
geo,sex_t,2001,95.0
geo,sex_m,2001,125.0
geo,sex_f,2001,64.0
geo,sex_t,2002,114.0
geo,sex_m,2002,150.0
geo,sex_f,2002,76.0
geo,sex_t,2003,126.0
geo,sex_m,2003,163.0
geo,sex_f,2003,86.0
geo,sex_t,2004,157.0
geo,sex_m,2004,201.0
geo,sex_f,2004,108.0
geo,sex_t,2005,204.0
geo,sex_m,2005,268.0
geo,sex_f,2005,131.0
geo,sex_t,2006,278.0
geo,sex_m,2006,362.0
geo,sex_f,2006,178.0
geo,sex_t,2007,368.0
geo,sex_m,2007,476.0
geo,sex_f,2007,240.0
geo,sex_t,2008,535.0
geo,sex_m,2008,678.0
geo,sex_f,2008,368.0
geo,sex_t,2009,557.0
geo,sex_m,2009,690.8
geo,sex_f,2009,398.3
geo,sex_t,2010,598.0
geo,sex_m,2010,743.0
geo,sex_f,2010,427.0
gha,sex_t,2005,95.0
gha,sex_m,2005,106.0
gha,sex_f,2005,87.0
glp,sex_t,2004,2232.0
glp,sex_m,2004,2307.0
glp,sex_f,2004,2142.0
glp,sex_t,2005,2267.0
glp,sex_m,2005,2348.0
glp,sex_f,2005,2173.0
glp,sex_t,2006,2320.0
glp,sex_m,2006,2390.0
glp,sex_f,2006,2237.0
glp,sex_t,2007,2376.0
glp,sex_m,2007,2436.0
glp,sex_f,2007,2303.0
gtm,sex_t,2011,1967.0
gtm,sex_m,2011,2087.0
gtm,sex_f,2011,1707.0
guy,sex_t,2004,2534.0
guy,sex_m,2004,2525.0
guy,sex_f,2004,2548.0
guy,sex_t,2005,2567.0
guy,sex_m,2005,2594.0
guy,sex_f,2005,2524.0
guy,sex_t,2006,2595.0
guy,sex_m,2006,2690.0
guy,sex_f,2006,2448.0
guy,sex_t,2007,2648.0
guy,sex_m,2007,2741.0
guy,sex_f,2007,2498.0
hkg,sex_t,2002,10965.0
hkg,sex_m,2002,11698.0
hkg,sex_f,2002,10183.0
hkg,sex_t,2003,10807.0
hkg,sex_m,2003,11375.0
hkg,sex_f,2003,10203.0
hkg,sex_t,2004,10543.0
hkg,sex_m,2004,11140.0
hkg,sex_f,2004,9911.0
hkg,sex_t,2005,10532.0
hkg,sex_m,2005,10878.0
hkg,sex_f,2005,10147.0
hkg,sex_t,2006,10956.0
hkg,sex_m,2006,11504.0
hkg,sex_f,2006,10390.0
hkg,sex_t,2007,11369.0
hkg,sex_m,2007,11863.0
hkg,sex_f,2007,10855.0
hkg,sex_t,2008,11375.0
hkg,sex_m,2008,11920.0
hkg,sex_f,2008,11072.0
hkg,sex_t,2009,11107.0
hkg,sex_m,2009,11448.0
hkg,sex_f,2009,10565.0
hkg,sex_t,2010,11578.0
hkg,sex_m,2010,11871.0
hkg,sex_f,2010,10986.0
hkg,sex_t,2011,12690.0
hnd,sex_t,1995,1196.0
hnd,sex_m,1995,1308.0
hnd,sex_f,1995,1012.0
hnd,sex_t,1996,1453.0
hnd,sex_m,1996,1576.0
hnd,sex_f,1996,1272.0
hnd,sex_t,1997,1802.0
hnd,sex_m,1997,1974.0
hnd,sex_f,1997,1558.0
hnd,sex_t,1998,2218.0
hnd,sex_m,1998,2401.0
hnd,sex_f,1998,1953.0
hnd,sex_t,1999,2689.0
hnd,sex_m,1999,2960.0
hnd,sex_f,1999,2321.0
hnd,sex_t,2001,3626.0
hnd,sex_m,2001,3892.0
hnd,sex_f,2001,3263.0
hnd,sex_t,2002,3844.0
hnd,sex_m,2002,4106.0
hnd,sex_f,2002,3482.0
hnd,sex_t,2003,4192.0
hnd,sex_m,2003,4283.0
hnd,sex_f,2003,4065.0
hnd,sex_t,2004,4316.0
hnd,sex_m,2004,4502.0
hnd,sex_f,2004,4055.0
hnd,sex_t,2005,4830.0
hnd,sex_m,2005,4965.0
hnd,sex_f,2005,4638.0
hnd,sex_t,2006,5166.0
hnd,sex_m,2006,5343.0
hnd,sex_f,2006,4924.0
hnd,sex_t,2007,5861.0
hnd,sex_m,2007,6013.0
hnd,sex_f,2007,5654.0
hnd,sex_t,2008,6508.0
hnd,sex_m,2008,6742.0
hnd,sex_f,2008,6197.0
hnd,sex_t,2009,7219.0
hnd,sex_m,2009,7249.0
hnd,sex_f,2009,7177.0
hnd,sex_t,2010,7125.0
hnd,sex_m,2010,7051.0
hnd,sex_f,2010,7221.0
hrv,sex_t,1995,2887.0
hrv,sex_t,1996,3243.0
hrv,sex_t,1997,3668.0
hrv,sex_t,1998,4131.0
hrv,sex_t,1999,4551.0
hrv,sex_t,2000,4869.0
hrv,sex_t,2001,5061.0
hrv,sex_t,2002,5366.0
hrv,sex_m,2003,5868.0
hrv,sex_f,2003,5251.0
hrv,sex_t,2003,5599.0
hrv,sex_m,2004,6206.0
hrv,sex_f,2004,5540.0
hrv,sex_t,2004,5916.0
hrv,sex_t,2005,6192.0
hrv,sex_m,2005,6492.0
hrv,sex_f,2005,5806.0
hrv,sex_m,2006,6909.0
hrv,sex_f,2006,6149.0
hrv,sex_t,2006,6575.0
hrv,sex_t,2007,6995.0
hrv,sex_m,2007,7344.0
hrv,sex_f,2007,6549.0
hrv,sex_m,2008,7892.0
hrv,sex_f,2008,7016.0
hrv,sex_t,2008,7507.0
hrv,sex_t,2009,7655.0
hrv,sex_m,2009,8033.0
hrv,sex_f,2009,7181.0
hrv,sex_m,2010,8044.0
hrv,sex_f,2010,7233.0
hrv,sex_t,2010,7677.0
irl,sex_t,2003,2455.0
irl,sex_m,2003,2882.0
irl,sex_f,2003,1978.0
irl,sex_t,2006,2934.0
irl,sex_m,2006,3377.0
irl,sex_f,2006,2447.0
irl,sex_t,2007,2979.0
irl,sex_m,2007,3435.0
irl,sex_f,2007,2497.0
irl,sex_t,2008,3103.0
irl,sex_t,2009,3057.0
irq,sex_t,2007,348000.0
irq,sex_m,2007,357000.0
irq,sex_f,2007,292000.0
isl,sex_t,1998,135000.0
isl,sex_m,1998,157000.0
isl,sex_f,1998,107000.0
isl,sex_t,1999,148000.0
isl,sex_m,1999,170000.0
isl,sex_f,1999,117000.0
isl,sex_t,2000,165000.0
isl,sex_m,2000,191000.0
isl,sex_f,2000,129000.0
isl,sex_t,2001,184000.0
isl,sex_m,2001,211000.0
isl,sex_f,2001,144000.0
isl,sex_t,2002,196000.0
isl,sex_m,2002,221000.0
isl,sex_f,2002,157000.0
isl,sex_t,2003,210000.0
isl,sex_m,2003,234000.0
isl,sex_f,2003,167000.0
isl,sex_t,2004,220000.0
isl,sex_m,2004,245000.0
isl,sex_f,2004,177000.0
isl,sex_t,2005,248000.0
isl,sex_m,2005,278000.0
isl,sex_f,2005,203000.0
isl,sex_t,2006,272000.0
isl,sex_m,2006,301000.0
isl,sex_f,2006,226000.0
isl,sex_t,2007,303000.0
isl,sex_m,2007,332000.0
isl,sex_f,2007,256000.0
isl,sex_t,2008,324000.0
isl,sex_m,2008,352000.0
isl,sex_f,2008,279000.0
isl,sex_t,2009,334000.0
isl,sex_m,2009,360000.0
isl,sex_f,2009,293000.0
isl,sex_t,2010,348000.0
isl,sex_m,2010,374000.0
isl,sex_f,2010,309000.0
isl,sex_t,2011,365000.0
isl,sex_m,2011,393000.0
isl,sex_f,2011,321000.0
isr,sex_t,1995,4083.0
isr,sex_m,1995,4978.0
isr,sex_f,1995,3008.0
isr,sex_t,1996,4572.0
isr,sex_m,1996,5596.0
isr,sex_f,1996,3372.0
isr,sex_t,1997,5450.0
isr,sex_m,1997,6612.0
isr,sex_f,1997,4050.0
isr,sex_t,1998,5830.0
isr,sex_m,1998,7088.0
isr,sex_f,1998,4351.0
isr,sex_t,1999,6301.0
isr,sex_m,1999,7741.0
isr,sex_f,1999,4657.0
isr,sex_t,2000,6662.0
isr,sex_m,2000,8147.0
isr,sex_f,2000,5015.0
isr,sex_t,2001,6975.0
isr,sex_m,2001,8642.0
isr,sex_f,2001,5160.0
isr,sex_t,2002,7070.0
isr,sex_m,2002,8645.0
isr,sex_f,2002,5322.0
isr,sex_t,2003,6908.0
isr,sex_m,2003,8416.0
isr,sex_f,2003,5232.0
isr,sex_t,2004,6972.0
isr,sex_m,2004,8459.0
isr,sex_f,2004,5357.0
isr,sex_t,2005,7054.0
isr,sex_m,2005,8575.0
isr,sex_f,2005,5419.0
isr,sex_t,2006,7180.0
isr,sex_m,2006,8712.0
isr,sex_f,2006,5521.0
isr,sex_t,2007,7662.0
isr,sex_m,2007,9267.0
isr,sex_f,2007,5949.0
isr,sex_t,2008,7922.0
isr,sex_m,2008,9627.0
isr,sex_f,2008,6077.0
isr,sex_t,2009,7947.0
isr,sex_m,2009,9527.0
isr,sex_f,2009,6280.0
isr,sex_t,2010,8100.0
isr,sex_m,2010,9720.0
isr,sex_f,2010,6386.0
jor,sex_m,1995,320.0
jor,sex_f,1995,210.0
jor,sex_m,1996,333.0
jor,sex_f,1996,215.0
jor,sex_m,1997,344.0
jor,sex_f,1997,225.0
jor,sex_m,1998,359.0
jor,sex_f,1998,235.0
jor,sex_t,2000,226.0
jor,sex_m,2000,234.0
jor,sex_f,2000,201.0
jor,sex_t,2001,232.0
jor,sex_m,2001,238.0
jor,sex_f,2001,211.0
jor,sex_t,2002,240.0
jor,sex_m,2002,246.0
jor,sex_f,2002,219.0
jor,sex_t,2003,244.0
jor,sex_m,2003,249.0
jor,sex_f,2003,226.0
jor,sex_t,2004,242.0
jor,sex_m,2004,250.0
jor,sex_f,2004,218.0
jor,sex_t,2005,262.0
jor,sex_m,2005,273.0
jor,sex_f,2005,231.0
jor,sex_t,2006,280.0
jor,sex_m,2006,291.0
jor,sex_f,2006,249.0
jor,sex_t,2007,305.0
jor,sex_m,2007,315.0
jor,sex_f,2007,277.0
jor,sex_t,2008,350.0
jor,sex_m,2008,364.0
jor,sex_f,2008,314.0
jor,sex_t,2009,365.0
jor,sex_m,2009,379.0
jor,sex_f,2009,327.0
jor,sex_t,2010,392.0
jor,sex_m,2010,403.0
jor,sex_f,2010,359.0
jpn,sex_t,1999,325900.0
jpn,sex_m,1999,367200.0
jpn,sex_f,1999,230700.0
jpn,sex_t,2000,330000.0
jpn,sex_m,2000,370300.0
jpn,sex_f,2000,235100.0
jpn,sex_t,2001,333300.0
jpn,sex_m,2001,373500.0
jpn,sex_f,2001,237100.0
jpn,sex_t,2002,329200.0
jpn,sex_m,2002,367700.0
jpn,sex_f,2002,238800.0
jpn,sex_t,2003,329800.0
jpn,sex_m,2003,368600.0
jpn,sex_f,2003,239400.0
jpn,sex_t,2004,330200.0
jpn,sex_m,2004,333900.0
jpn,sex_f,2004,241700.0
jpn,sex_t,2005,330800.0
jpn,sex_m,2005,372100.0
jpn,sex_f,2005,239000.0
jpn,sex_t,2006,330900.0
jpn,sex_m,2006,372700.0
jpn,sex_f,2006,238600.0
jpn,sex_t,2007,330600.0
jpn,sex_m,2007,372400.0
jpn,sex_f,2007,241700.0
jpn,sex_t,2008,328800.0
jpn,sex_m,2008,369300.0
jpn,sex_f,2008,243100.0
jpn,sex_t,2009,318100.0
jpn,sex_m,2009,354600.0
jpn,sex_f,2009,243200.0
jpn,sex_t,2010,323000.0
jpn,sex_m,2010,360000.0
jpn,sex_f,2010,243600.0
kaz,sex_m,2003,28476.0
kaz,sex_f,2003,17304.0
kaz,sex_m,2004,34648.0
kaz,sex_f,2004,21445.0
kaz,sex_m,2005,41840.0
kaz,sex_f,2005,25564.0
kaz,sex_m,2006,49737.0
kaz,sex_f,2006,30984.0
kaz,sex_m,2007,62629.0
kaz,sex_f,2007,41202.0
kaz,sex_m,2008,73508.0
kaz,sex_f,2008,46922.0
kaz,sex_m,2009,81366.0
kaz,sex_f,2009,53009.0
kaz,sex_m,2010,92764.0
kaz,sex_f,2010,61104.0
khm,sex_t,2004,178793.0
khm,sex_m,2004,187576.0
khm,sex_f,2004,165841.0
khm,sex_t,2007,290371.0
khm,sex_m,2007,333916.0
khm,sex_f,2007,228832.0
khm,sex_t,2009,314665.0
khm,sex_m,2009,355560.0
khm,sex_f,2009,258207.0
kor,sex_t,1995,1222097.0
kor,sex_m,1995,1381770.0
kor,sex_f,1995,823143.0
kor,sex_f,1996,935926.0
kor,sex_t,1996,1367501.0
kor,sex_m,1996,1536024.0
kor,sex_t,1997,1463300.0
kor,sex_m,1997,1635357.0
kor,sex_f,1997,1015310.0
kor,sex_t,1998,1426797.0
kor,sex_m,1998,1579344.0
kor,sex_f,1998,1006266.0
kor,sex_t,1999,1543600.0
kor,sex_m,1999,1734652.0
kor,sex_f,1999,1089712.0
kor,sex_t,2000,1667542.0
kor,sex_m,2000,1884546.0
kor,sex_f,2000,1178413.0
kor,sex_t,2001,1752382.0
kor,sex_m,2001,1975782.0
kor,sex_f,2001,1256903.0
kor,sex_t,2002,1947774.0
kor,sex_m,2002,2193343.0
kor,sex_f,2002,1392977.0
kor,sex_t,2003,2127401.0
kor,sex_m,2003,2406378.0
kor,sex_f,2003,1500897.0
kor,sex_t,2004,2254889.0
kor,sex_m,2004,2557510.0
kor,sex_f,2004,1579425.0
kor,sex_t,2005,2404385.0
kor,sex_m,2005,2719263.0
kor,sex_f,2005,1696852.0
kor,sex_t,2006,2541886.0
kor,sex_m,2006,2870927.0
kor,sex_f,2006,1811487.0
kor,sex_t,2007,2560570.0
kor,sex_t,2008,2639657.0
kor,sex_t,2009,2622024.0
kor,sex_t,2010,2780735.0
kor,sex_t,2011,2843545.0
lbn,sex_t,2009,690000.0
lbn,sex_m,2009,702000.0
lbn,sex_f,2009,660000.0
lka,sex_t,1997,3122.0
lka,sex_m,1997,3157.0
lka,sex_f,1997,2925.0
lka,sex_t,1998,3487.0
lka,sex_m,1998,3580.0
lka,sex_f,1998,3011.0
lka,sex_t,1999,3672.0
lka,sex_m,1999,3726.0
lka,sex_f,1999,3190.0
lka,sex_t,2000,3980.0
lka,sex_m,2000,4097.0
lka,sex_f,2000,3598.0
lka,sex_t,2001,4356.0
lka,sex_m,2001,4407.0
lka,sex_f,2001,3888.0
lka,sex_t,2002,5056.0
lka,sex_m,2002,5121.0
lka,sex_f,2002,4616.0
lka,sex_t,2003,5308.0
lka,sex_m,2003,5382.0
lka,sex_f,2003,4809.0
lka,sex_t,2004,5764.0
lka,sex_m,2004,5895.0
lka,sex_f,2004,5240.0
lka,sex_t,2005,6156.0
lka,sex_m,2005,6258.0
lka,sex_f,2005,5803.0
lka,sex_t,2006,6848.0
lka,sex_m,2006,6963.0
lka,sex_f,2006,6536.0
lka,sex_t,2007,7556.0
lka,sex_m,2007,7660.0
lka,sex_f,2007,7314.0
lka,sex_t,2008,8839.0
lka,sex_m,2008,9319.0
lka,sex_f,2008,8323.0
ltu,sex_t,1995,481.0
ltu,sex_m,1995,624.0
ltu,sex_t,1996,618.0
ltu,sex_m,1996,714.0
ltu,sex_t,1997,778.0
ltu,sex_m,1997,925.0
ltu,sex_t,1998,930.0
ltu,sex_m,1998,1161.0
ltu,sex_t,1999,987.0
ltu,sex_m,1999,1186.0
ltu,sex_t,2000,971.0
ltu,sex_m,2000,1170.0
ltu,sex_f,2000,956.0
ltu,sex_t,2001,982.0
ltu,sex_m,2001,1181.0
ltu,sex_f,2001,962.0
ltu,sex_t,2002,1014.0
ltu,sex_m,2002,1243.0
ltu,sex_f,2002,1009.0
ltu,sex_t,2003,1073.0
ltu,sex_m,2003,1296.0
ltu,sex_f,2003,1049.0
ltu,sex_t,2004,1149.0
ltu,sex_m,2004,1366.0
ltu,sex_f,2004,1110.0
ltu,sex_t,2005,1276.0
ltu,sex_m,2005,1492.0
ltu,sex_f,2005,1230.0
ltu,sex_t,2006,1496.0
ltu,sex_m,2006,1743.0
ltu,sex_f,2006,1432.0
ltu,sex_t,2007,1802.0
ltu,sex_m,2007,2114.0
ltu,sex_f,2007,1676.0
ltu,sex_t,2008,2152.0
ltu,sex_m,2008,2387.0
ltu,sex_f,2008,1928.0
ltu,sex_t,2009,2056.0
ltu,sex_m,2009,2205.0
ltu,sex_f,2009,1924.0
ltu,sex_t,2010,1988.0
ltu,sex_m,2010,2151.0
ltu,sex_f,2010,1844.0
ltu,sex_t,2011,2042.0
lux,sex_t,1995,2618.0
lux,sex_m,1995,2762.0
lux,sex_f,1995,2197.0
lux,sex_t,1996,2663.0
lux,sex_m,1996,2809.0
lux,sex_f,1996,2709.0
lux,sex_t,1997,2717.0
lux,sex_m,1997,2866.0
lux,sex_f,1997,2280.0
lux,sex_t,1998,2778.0
lux,sex_m,1998,2928.0
lux,sex_f,1998,2339.0
lux,sex_t,1999,2872.0
lux,sex_m,1999,3025.0
lux,sex_f,1999,2427.0
lux,sex_t,2000,2990.0
lux,sex_m,2000,3144.0
lux,sex_f,2000,2544.0
lux,sex_t,2001,3145.0
lux,sex_m,2001,3319.0
lux,sex_f,2001,2693.0
lux,sex_t,2002,3204.0
lux,sex_m,2002,3385.0
lux,sex_f,2002,2710.0
lux,sex_t,2003,3299.0
lux,sex_m,2003,3484.0
lux,sex_f,2003,2794.0
lux,sex_t,2004,3381.0
lux,sex_m,2004,3565.0
lux,sex_f,2004,2873.0
lux,sex_t,2005,3511.0
lux,sex_m,2005,3699.0
lux,sex_f,2005,2990.0
lux,sex_t,2006,3635.0
lux,sex_m,2006,3826.0
lux,sex_f,2006,3112.0
lux,sex_t,2007,3774.0
lux,sex_m,2007,3962.0
lux,sex_f,2007,3259.0
lux,sex_t,2008,3915.0
lux,sex_m,2008,4114.0
lux,sex_f,2008,3384.0
lux,sex_t,2009,4007.0
lux,sex_m,2009,4203.0
lux,sex_f,2009,3482.0
lux,sex_t,2010,4110.0
lux,sex_m,2010,4316.0
lux,sex_f,2010,3563.0
lux,sex_t,2011,4212.0
lux,sex_m,2011,4212.0
lux,sex_f,2011,3656.0
lva,sex_m,2004,236.0
lva,sex_f,2004,200.0
lva,sex_m,2005,249.0
lva,sex_f,2005,204.0
lva,sex_m,2006,296.0
lva,sex_f,2006,244.0
lva,sex_m,2007,385.0
lva,sex_f,2007,323.0
lva,sex_m,2008,492.0
lva,sex_f,2008,417.0
lva,sex_m,2009,515.0
lva,sex_f,2009,432.0
lva,sex_m,2010,480.0
lva,sex_f,2010,391.0
lva,sex_m,2011,494.0
lva,sex_f,2011,412.0
mex,sex_t,1995,1419.0
mex,sex_m,1995,1557.0
mex,sex_f,1995,1166.0
mex,sex_t,1996,1705.0
mex,sex_m,1996,1840.0
mex,sex_f,1996,1470.0
mex,sex_t,1997,2084.0
mex,sex_m,1997,2273.0
mex,sex_f,1997,1759.0
mex,sex_t,1998,2477.0
mex,sex_m,1998,2690.0
mex,sex_f,1998,2121.0
mex,sex_t,1999,2901.0
mex,sex_m,1999,3167.0
mex,sex_f,1999,2444.0
mex,sex_t,2000,3604.0
mex,sex_m,2000,3937.0
mex,sex_f,2000,3057.0
mex,sex_t,2001,4034.0
mex,sex_m,2001,4411.0
mex,sex_f,2001,3408.0
mex,sex_t,2002,4285.0
mex,sex_m,2002,4657.0
mex,sex_f,2002,3670.0
mex,sex_t,2003,4560.0
mex,sex_m,2003,4922.0
mex,sex_f,2003,3950.0
mex,sex_t,2004,4771.0
mex,sex_m,2004,5162.0
mex,sex_f,2004,4134.0
mex,sex_t,2005,4920.0
mex,sex_m,2005,5330.0
mex,sex_f,2005,4311.0
mex,sex_t,2006,5216.0
mex,sex_m,2006,5655.0
mex,sex_f,2006,4574.0
mex,sex_t,2007,5549.0
mex,sex_m,2007,6071.0
mex,sex_f,2007,4791.0
mex,sex_t,2008,5627.0
mex,sex_m,2008,6188.0
mex,sex_f,2008,4821.0
mex,sex_t,2009,5745.0
mex,sex_m,2009,6186.0
mex,sex_f,2009,5102.0
mex,sex_t,2010,5763.0
mex,sex_m,2010,6243.0
mex,sex_f,2010,5068.0
mex,sex_t,2011,5766.0
mex,sex_m,2011,6192.0
mex,sex_f,2011,5142.0
mlt,sex_t,2000,888.0
mlt,sex_m,2000,953.0
mlt,sex_f,2000,754.0
mlt,sex_t,2001,920.0
mlt,sex_m,2001,986.0
mlt,sex_f,2001,778.0
mlt,sex_t,2002,972.0
mlt,sex_m,2002,1039.0
mlt,sex_f,2002,840.0
mlt,sex_t,2003,987.0
mlt,sex_m,2003,1044.0
mlt,sex_f,2003,872.0
mlt,sex_t,2004,982.0
mlt,sex_m,2004,1034.0
mlt,sex_f,2004,877.0
mlt,sex_t,2005,1014.0
mlt,sex_m,2005,1071.0
mlt,sex_f,2005,900.0
mlt,sex_t,2006,1057.0
mlt,sex_m,2006,1104.0
mlt,sex_f,2006,963.0
mlt,sex_t,2007,1083.0
mlt,sex_m,2007,1156.0
mlt,sex_f,2007,946.0
mlt,sex_t,2008,1134.0
mlt,sex_m,2008,1209.0
mlt,sex_f,2008,1001.0
mlt,sex_t,2009,1154.0
mlt,sex_m,2009,1214.0
mlt,sex_f,2009,1048.0
mlt,sex_t,2010,1205.0
mlt,sex_m,2010,1256.0
mlt,sex_f,2010,1121.0
mlt,sex_t,2011,1254.0
mlt,sex_m,2011,1319.0
mlt,sex_f,2011,1145.0
mmr,sex_t,2000,3270.0
mmr,sex_m,2000,2576.0
mmr,sex_f,2000,3964.0
mmr,sex_t,2001,3473.0
mmr,sex_m,2001,3619.0
mmr,sex_f,2001,3327.0
mmr,sex_t,2002,3850.0
mmr,sex_m,2002,3970.0
mmr,sex_f,2002,3729.0
mmr,sex_t,2003,4114.0
mmr,sex_m,2003,4355.0
mmr,sex_f,2003,3872.0
mmr,sex_t,2004,5441.0
mmr,sex_m,2004,5699.0
mmr,sex_f,2004,5182.0
mmr,sex_t,2005,5744.0
mmr,sex_m,2005,6080.0
mmr,sex_f,2005,5407.0
mmr,sex_t,2006,17599.0
mmr,sex_m,2006,17923.0
mmr,sex_f,2006,17276.0
mmr,sex_t,2007,23743.0
mmr,sex_m,2007,25309.0
mmr,sex_f,2007,22176.0
mmr,sex_t,2008,32332.0
mmr,sex_m,2008,34425.0
mmr,sex_f,2008,30240.0
mng,sex_t,2000,62300.0
mng,sex_m,2000,64700.0
mng,sex_f,2000,59800.0
mng,sex_t,2001,65200.0
mng,sex_m,2001,69200.0
mng,sex_f,2001,61000.0
mng,sex_t,2002,71250.0
mng,sex_m,2002,75800.0
mng,sex_f,2002,67300.0
mng,sex_t,2003,81450.0
mng,sex_m,2003,86900.0
mng,sex_f,2003,76000.0
mng,sex_t,2004,93025.0
mng,sex_m,2004,98300.0
mng,sex_f,2004,88000.0
mng,sex_t,2005,101225.0
mng,sex_m,2005,110000.0
mng,sex_f,2005,92300.0
mng,sex_t,2006,127725.0
mng,sex_m,2006,138125.0
mng,sex_f,2006,117325.0
mng,sex_t,2007,172975.0
mng,sex_m,2007,186700.0
mng,sex_f,2007,159325.0
mng,sex_t,2008,274150.0
mng,sex_m,2008,291250.0
mng,sex_f,2008,258075.0
mng,sex_t,2009,300450.0
mng,sex_m,2009,322575.0
mng,sex_f,2009,279875.0
mng,sex_t,2010,341450.0
mng,sex_m,2010,370375.0
mng,sex_f,2010,314550.0
mng,sex_t,2011,424150.0
mng,sex_m,2011,470000.0
mng,sex_f,2011,381325.0
mtq,sex_t,2004,2185.0
mtq,sex_m,2004,2221.0
mtq,sex_f,2004,2138.0
mtq,sex_t,2005,2235.0
mtq,sex_m,2005,2265.0
mtq,sex_f,2005,2198.0
mtq,sex_t,2006,2263.0
mtq,sex_m,2006,2296.0
mtq,sex_f,2006,2223.0
mtq,sex_t,2007,2333.0
mtq,sex_m,2007,2359.0
mtq,sex_f,2007,2300.0
nld,sex_t,2006,2027.0
nld,sex_m,2006,2526.0
nld,sex_f,2006,1422.0
nld,sex_t,2007,2068.0
nld,sex_m,2007,2571.0
nld,sex_f,2007,1467.0
nld,sex_t,2008,2136.0
nld,sex_m,2008,2649.0
nld,sex_f,2008,1529.0
nld,sex_t,2009,2229.0
nld,sex_m,2009,2783.0
nld,sex_f,2009,1591.0
nld,sex_t,2010,2245.0
nld,sex_m,2010,2806.0
nld,sex_f,2010,1612.0
nor,sex_t,1997,20126.0
nor,sex_m,1997,21606.0
nor,sex_f,1997,18085.0
nor,sex_t,1998,21620.0
nor,sex_m,1998,23227.0
nor,sex_f,1998,19418.0
nor,sex_t,1999,22515.0
nor,sex_m,1999,24200.0
nor,sex_f,1999,20191.0
nor,sex_t,2000,23614.0
nor,sex_m,2000,25408.0
nor,sex_f,2000,21213.0
nor,sex_t,2001,24699.0
nor,sex_m,2001,26600.0
nor,sex_f,2001,22165.0
nor,sex_f,2002,23736.0
nor,sex_t,2002,26357.0
nor,sex_m,2002,28279.0
nor,sex_t,2003,27261.0
nor,sex_m,2003,29205.0
nor,sex_f,2003,24609.0
nor,sex_t,2004,28242.0
nor,sex_m,2004,30217.0
nor,sex_f,2004,25579.0
nor,sex_t,2005,29159.0
nor,sex_m,2005,31201.0
nor,sex_f,2005,26430.0
nor,sex_f,2006,27653.0
nor,sex_t,2006,30539.0
nor,sex_m,2006,32672.0
nor,sex_t,2007,32263.0
nor,sex_m,2007,34570.0
nor,sex_f,2007,29137.0
nor,sex_t,2008,34100.0
nor,sex_m,2008,36700.0
nor,sex_f,2008,30800.0
nor,sex_t,2009,35300.0
nor,sex_m,2009,37800.0
nor,sex_f,2009,32000.0
nor,sex_t,2010,36700.0
nor,sex_m,2010,39300.0
nor,sex_f,2010,33400.0
nor,sex_t,2011,38100.0
nor,sex_m,2011,40800.0
nor,sex_f,2011,34800.0
npl,sex_t,1999,2143.0
npl,sex_m,1999,2389.0
npl,sex_f,1999,1368.0
npl,sex_t,2008,5117.0
npl,sex_m,2008,5721.0
npl,sex_f,2008,3402.0
nzl,sex_t,1998,2429.0
nzl,sex_m,1998,2951.0
nzl,sex_f,1998,1870.0
nzl,sex_t,1999,2469.0
nzl,sex_m,1999,2980.0
nzl,sex_f,1999,1937.0
nzl,sex_t,2000,2526.0
nzl,sex_m,2000,3015.0
nzl,sex_f,2000,2015.0
nzl,sex_t,2001,2638.0
nzl,sex_m,2001,3167.0
nzl,sex_f,2001,2094.0
nzl,sex_t,2002,2685.0
nzl,sex_m,2002,3198.0
nzl,sex_f,2002,2154.0
nzl,sex_t,2003,2833.0
nzl,sex_m,2003,3383.0
nzl,sex_f,2003,2267.0
nzl,sex_t,2004,2927.0
nzl,sex_m,2004,3484.0
nzl,sex_f,2004,2336.0
nzl,sex_t,2005,3104.0
nzl,sex_m,2005,3759.0
nzl,sex_f,2005,2425.0
nzl,sex_t,2006,3199.0
nzl,sex_m,2006,3785.0
nzl,sex_f,2006,2588.0
nzl,sex_t,2007,3438.0
nzl,sex_m,2007,4104.0
nzl,sex_f,2007,2739.0
nzl,sex_t,2008,3573.0
nzl,sex_m,2008,4244.0
nzl,sex_f,2008,2884.0
nzl,sex_t,2009,3651.0
nzl,sex_m,2009,4298.0
nzl,sex_f,2009,2979.0
nzl,sex_t,2010,3798.0
nzl,sex_m,2010,4461.0
nzl,sex_f,2010,3120.0
nzl,sex_t,2011,3893.0
nzl,sex_m,2011,4582.0
nzl,sex_f,2011,3180.0
omn,sex_t,2006,177.0
omn,sex_m,2006,177.0
omn,sex_f,2006,177.0
omn,sex_t,2007,197.0
omn,sex_m,2007,197.0
omn,sex_f,2007,195.0
omn,sex_t,2008,217.0
omn,sex_m,2008,218.0
omn,sex_f,2008,211.0
omn,sex_t,2009,228.0
omn,sex_m,2009,229.0
omn,sex_f,2009,222.0
omn,sex_t,2010,228.0
omn,sex_m,2010,229.0
omn,sex_f,2010,222.0
pak,sex_t,1995,2328.0
pak,sex_m,1995,2375.0
pak,sex_f,1995,1838.0
pak,sex_t,1997,2986.0
pak,sex_m,1997,3140.0
pak,sex_f,1997,1880.0
pak,sex_t,1998,3052.0
pak,sex_m,1998,3162.0
pak,sex_f,1998,2046.0
pak,sex_t,2000,3157.0
pak,sex_m,2000,3328.0
pak,sex_f,2000,2014.0
pak,sex_m,2002,3654.0
pak,sex_t,2002,3432.0
pak,sex_f,2002,2030.0
pak,sex_t,2004,4088.0
pak,sex_m,2004,4329.0
pak,sex_f,2004,2594.0
pak,sex_t,2006,4994.0
pak,sex_m,2006,5249.0
pak,sex_f,2006,3349.0
pak,sex_t,2007,5768.0
pak,sex_m,2007,6100.0
pak,sex_f,2007,3567.0
pak,sex_t,2008,6612.0
pak,sex_m,2008,7010.0
pak,sex_f,2008,3853.0
pak,sex_t,2009,7635.0
pak,sex_m,2009,7997.0
pak,sex_f,2009,5189.0
pak,sex_t,2010,8623.0
pak,sex_m,2010,9017.0
pak,sex_f,2010,5821.0
pak,sex_t,2011,9715.0
pak,sex_m,2011,10211.0
pak,sex_f,2011,6422.0
pan,sex_t,1995,437.0
pan,sex_m,1995,495.0
pan,sex_f,1995,361.0
pan,sex_t,1996,443.0
pan,sex_m,1996,496.0
pan,sex_f,1996,374.0
pan,sex_t,1997,453.0
pan,sex_m,1997,512.0
pan,sex_f,1997,378.0
pan,sex_t,1998,448.0
pan,sex_m,1998,489.0
pan,sex_f,1998,395.0
pan,sex_t,1999,464.0
pan,sex_m,1999,507.0
pan,sex_f,1999,409.0
pan,sex_t,2000,484.0
pan,sex_m,2000,529.0
pan,sex_f,2000,428.0
pan,sex_t,2001,460.0
pan,sex_m,2001,498.0
pan,sex_f,2001,409.0
pan,sex_t,2002,467.0
pan,sex_m,2002,507.0
pan,sex_f,2002,415.0
pan,sex_m,2003,515.0
pan,sex_f,2003,414.0
pan,sex_t,2003,470.0
pan,sex_t,2004,464.0
pan,sex_m,2004,505.0
pan,sex_f,2004,413.0
pan,sex_t,2005,458.0
pan,sex_m,2005,494.0
pan,sex_f,2005,412.0
pan,sex_t,2006,473.0
pan,sex_m,2006,512.0
pan,sex_f,2006,422.0
pan,sex_t,2007,476.0
pan,sex_m,2007,509.0
pan,sex_f,2007,435.0
pan,sex_t,2008,504.0
pan,sex_m,2008,532.0
pan,sex_f,2008,465.0
pan,sex_t,2009,548.0
pan,sex_m,2009,578.0
pan,sex_f,2009,508.0
pan,sex_t,2010,586.0
pan,sex_m,2010,616.0
pan,sex_f,2010,546.0
per,sex_t,1995,644.0
per,sex_m,1995,740.0
per,sex_f,1995,478.0
per,sex_t,1997,888.0
per,sex_m,1997,1006.0
per,sex_f,1997,702.0
per,sex_t,1998,1056.0
per,sex_m,1998,1149.0
per,sex_f,1998,915.0
per,sex_t,1999,1162.0
per,sex_m,1999,1357.0
per,sex_f,1999,913.0
per,sex_t,2000,1147.0
per,sex_m,2000,1245.0
per,sex_f,2000,999.0
per,sex_t,2001,1092.0
per,sex_m,2001,1285.0
per,sex_f,2001,825.0
per,sex_t,2002,1112.0
per,sex_m,2002,1258.0
per,sex_f,2002,905.0
per,sex_t,2003,1120.0
per,sex_m,2003,1245.0
per,sex_f,2003,953.0
per,sex_t,2004,806.0
per,sex_m,2004,910.0
per,sex_f,2004,640.0
per,sex_t,2005,829.0
per,sex_m,2005,927.0
per,sex_f,2005,675.0
per,sex_t,2006,866.0
per,sex_m,2006,955.0
per,sex_f,2006,726.0
per,sex_t,2007,942.0
per,sex_m,2007,1030.0
per,sex_f,2007,809.0
per,sex_t,2008,1001.0
per,sex_m,2008,1138.0
per,sex_f,2008,792.0
per,sex_t,2009,1082.0
per,sex_m,2009,1209.0
per,sex_f,2009,891.0
per,sex_t,2010,1098.0
per,sex_m,2010,1240.0
per,sex_f,2010,891.0
phl,sex_t,2001,5798.0
phl,sex_m,2001,5713.0
phl,sex_f,2001,5934.0
phl,sex_t,2002,5905.0
phl,sex_m,2002,5826.0
phl,sex_f,2002,6028.0
phl,sex_t,2003,6002.0
phl,sex_m,2003,5963.0
phl,sex_f,2003,6065.0
phl,sex_t,2004,6106.0
phl,sex_m,2004,6051.0
phl,sex_f,2004,6196.0
phl,sex_t,2005,6400.0
phl,sex_m,2005,6412.0
phl,sex_f,2005,6383.0
phl,sex_t,2006,6831.0
phl,sex_m,2006,6906.0
phl,sex_f,2006,6719.0
phl,sex_t,2007,6955.0
phl,sex_m,2007,7011.0
phl,sex_f,2007,6871.0
phl,sex_t,2008,7275.0
phl,sex_m,2008,7282.0
phl,sex_f,2008,7266.0
phl,sex_t,2009,7583.0
phl,sex_m,2009,7581.0
phl,sex_f,2009,7587.0
phl,sex_t,2010,7995.0
phl,sex_m,2010,7947.0
phl,sex_f,2010,8068.0
phl,sex_t,2011,8280.0
phl,sex_m,2011,8175.0
phl,sex_f,2011,8439.0
pol,sex_m,1995,831.0
pol,sex_f,1995,635.0
pol,sex_m,1996,943.0
pol,sex_f,1996,747.0
pol,sex_m,1997,1278.0
pol,sex_f,1997,1000.0
pol,sex_m,1998,1441.0
pol,sex_f,1998,1162.0
pol,sex_m,1999,1991.0
pol,sex_f,1999,1592.0
pol,sex_m,2001,2430.0
pol,sex_f,2001,1989.0
pol,sex_m,2002,2425.0
pol,sex_f,2002,2016.0
pol,sex_m,2004,2572.0
pol,sex_f,2004,2150.0
pol,sex_m,2006,2904.0
pol,sex_f,2006,2386.0
pol,sex_m,2008,3557.0
pol,sex_f,2008,2893.0
pol,sex_m,2010,3832.0
pol,sex_f,2010,3256.0
prt,sex_t,1995,584.0
prt,sex_m,1995,656.0
prt,sex_f,1995,475.0
prt,sex_t,1996,620.0
prt,sex_m,1996,694.0
prt,sex_f,1996,506.0
prt,sex_t,1997,639.0
prt,sex_m,1997,718.0
prt,sex_f,1997,522.0
prt,sex_t,1998,678.0
prt,sex_m,1998,763.0
prt,sex_f,1998,554.0
prt,sex_t,1999,700.0
prt,sex_m,1999,789.0
prt,sex_f,1999,574.0
prt,sex_t,2000,729.0
prt,sex_m,2000,818.0
prt,sex_f,2000,605.0
prt,sex_t,2002,817.0
prt,sex_m,2002,901.0
prt,sex_f,2002,696.0
prt,sex_t,2003,850.0
prt,sex_m,2003,942.0
prt,sex_f,2003,720.0
prt,sex_t,2004,877.0
prt,sex_m,2004,971.0
prt,sex_f,2004,746.0
prt,sex_t,2005,907.0
prt,sex_m,2005,1003.0
prt,sex_f,2005,776.0
prt,sex_t,2006,934.0
prt,sex_m,2006,1034.0
prt,sex_f,2006,799.0
prt,sex_t,2007,963.0
prt,sex_m,2007,1066.0
prt,sex_f,2007,828.0
prt,sex_t,2008,1008.0
prt,sex_m,2008,1112.0
prt,sex_f,2008,872.0
prt,sex_t,2009,1034.0
prt,sex_m,2009,1139.0
prt,sex_f,2009,899.0
pry,sex_t,1995,600942.0
pry,sex_m,1995,682836.0
pry,sex_f,1995,477383.0
pry,sex_t,1996,630277.0
pry,sex_m,1996,705829.0
pry,sex_f,1996,518742.0
pry,sex_t,1997,766402.0
pry,sex_m,1997,847592.0
pry,sex_f,1997,645623.0
pry,sex_t,1999,854868.0
pry,sex_m,1999,935662.0
pry,sex_f,1999,736440.0
pry,sex_t,2000,888044.0
pry,sex_m,2000,975588.0
pry,sex_f,2000,775328.0
pry,sex_t,2002,878791.0
pry,sex_m,2002,981016.0
pry,sex_f,2002,738969.0
pry,sex_t,2003,1023037.0
pry,sex_m,2003,1135879.0
pry,sex_f,2003,871226.0
pry,sex_t,2004,977944.0
pry,sex_m,2004,1068099.0
pry,sex_f,2004,854429.0
pry,sex_t,2005,1116836.0
pry,sex_m,2005,1249885.0
pry,sex_f,2005,948637.0
pry,sex_t,2006,1197727.0
pry,sex_m,2006,1314993.0
pry,sex_f,2006,1029507.0
pry,sex_t,2007,1245448.0
pry,sex_m,2007,1388703.0
pry,sex_f,2007,1043391.0
pry,sex_t,2008,1402030.0
pry,sex_m,2008,1555145.0
pry,sex_f,2008,1171999.0
pse,sex_m,2000,1736.0
pse,sex_f,2000,1203.0
pse,sex_m,2001,1642.0
pse,sex_f,2001,1235.0
pse,sex_m,2002,1651.0
pse,sex_f,2002,1350.0
pse,sex_m,2003,1647.0
pse,sex_f,2003,1367.0
pse,sex_m,2004,1668.0
pse,sex_f,2004,1393.0
pse,sex_m,2005,1729.0
pse,sex_f,2005,1471.0
pse,sex_m,2006,1848.0
pse,sex_f,2006,1564.0
pse,sex_m,2007,1855.0
pse,sex_f,2007,1564.0
pse,sex_m,2008,2039.0
pse,sex_f,2008,1660.0
pse,sex_m,2009,2048.0
pse,sex_f,2009,1671.0
pse,sex_m,2010,2048.0
pse,sex_f,2010,1671.0
pse,sex_f,2011,1714.0
pse,sex_m,2011,2039.0
qat,sex_t,2006,5206.0
qat,sex_m,2006,5611.0
qat,sex_f,2006,4131.0
qat,sex_t,2007,6318.0
qat,sex_m,2007,6884.0
qat,sex_f,2007,4939.0
qat,sex_t,2008,7400.0
qat,sex_m,2008,8100.0
qat,sex_f,2008,5800.0
qat,sex_t,2009,7792.0
qat,sex_m,2009,8484.0
qat,sex_f,2009,6106.0
qat,sex_t,2011,7401.0
qat,sex_m,2011,7882.0
qat,sex_f,2011,6094.0
reu,sex_t,2004,2145.0
reu,sex_m,2004,2139.0
reu,sex_f,2004,2156.0
reu,sex_t,2005,2177.0
reu,sex_m,2005,2173.0
reu,sex_f,2005,2183.0
reu,sex_t,2006,2234.0
reu,sex_m,2006,2234.0
reu,sex_f,2006,2234.0
reu,sex_t,2007,2295.0
reu,sex_m,2007,2290.0
reu,sex_f,2007,2306.0
rou,sex_t,1995,28.0
rou,sex_t,1996,43.0
rou,sex_t,1997,84.0
rou,sex_t,1998,132.0
rou,sex_t,1999,192.0
rou,sex_t,2000,284.0
rou,sex_t,2001,422.0
rou,sex_t,2002,532.0
rou,sex_t,2003,664.0
rou,sex_m,2003,727.0
rou,sex_f,2003,591.0
rou,sex_t,2004,818.0
rou,sex_m,2004,886.0
rou,sex_f,2004,743.0
rou,sex_t,2005,968.0
rou,sex_m,2005,1037.0
rou,sex_f,2005,891.0
rou,sex_t,2006,1146.0
rou,sex_m,2006,1222.0
rou,sex_f,2006,1062.0
rou,sex_t,2007,1396.0
rou,sex_m,2007,1468.0
rou,sex_f,2007,1312.0
rou,sex_t,2008,1761.0
rou,sex_m,2008,1814.0
rou,sex_f,2008,1700.0
rou,sex_t,2009,1845.0
rou,sex_m,2009,1906.0
rou,sex_f,2009,1775.0
rou,sex_t,2010,1902.0
rou,sex_m,2010,2007.0
rou,sex_f,2010,1786.0
sgp,sex_t,1995,2219.0
sgp,sex_m,1995,2517.0
sgp,sex_f,1995,1850.0
sgp,sex_t,1996,2347.0
sgp,sex_m,1996,2646.0
sgp,sex_f,1996,1979.0
sgp,sex_t,1997,2480.0
sgp,sex_m,1997,2781.0
sgp,sex_f,1997,2114.0
sgp,sex_t,1998,2740.0
sgp,sex_m,1998,3141.0
sgp,sex_f,1998,2256.0
sgp,sex_t,1999,2813.0
sgp,sex_m,1999,3222.0
sgp,sex_f,1999,2327.0
sgp,sex_t,2000,3063.0
sgp,sex_m,2000,3518.0
sgp,sex_f,2000,2530.0
sgp,sex_t,2001,3134.0
sgp,sex_m,2001,3606.0
sgp,sex_f,2001,2588.0
sgp,sex_t,2002,3158.0
sgp,sex_m,2002,3632.0
sgp,sex_f,2002,2617.0
sgp,sex_t,2003,3213.0
sgp,sex_m,2003,3698.0
sgp,sex_f,2003,2662.0
sgp,sex_t,2004,3329.0
sgp,sex_m,2004,3825.0
sgp,sex_f,2004,2773.0
sgp,sex_t,2005,3444.0
sgp,sex_m,2005,3962.0
sgp,sex_f,2005,2865.0
sgp,sex_t,2006,3554.0
sgp,sex_m,2006,4081.0
sgp,sex_f,2006,2966.0
sgp,sex_t,2007,3773.0
sgp,sex_m,2007,4335.0
sgp,sex_f,2007,3148.0
sgp,sex_t,2008,3977.0
sgp,sex_m,2008,4560.0
sgp,sex_f,2008,3332.0
sgp,sex_t,2009,3872.0
sgp,sex_m,2009,4436.0
sgp,sex_f,2009,3247.0
sgp,sex_t,2010,4089.0
sgp,sex_m,2010,4686.0
sgp,sex_f,2010,3434.0
sgp,sex_t,2011,4334.0
sgp,sex_m,2011,4964.0
sgp,sex_f,2011,3650.0
slv,sex_t,1999,225.0
slv,sex_m,1999,249.0
slv,sex_f,1999,195.0
slv,sex_t,2000,237.0
slv,sex_m,2000,261.0
slv,sex_f,2000,207.0
slv,sex_t,2001,241.0
slv,sex_m,2001,269.0
slv,sex_f,2001,206.0
slv,sex_t,2002,244.0
slv,sex_m,2002,278.0
slv,sex_f,2002,205.0
slv,sex_t,2004,234.0
slv,sex_m,2004,255.0
slv,sex_f,2004,207.0
slv,sex_t,2005,247.0
slv,sex_m,2005,271.0
slv,sex_f,2005,217.0
slv,sex_t,2006,247.0
slv,sex_m,2006,260.0
slv,sex_f,2006,230.0
slv,sex_t,2007,261.0
slv,sex_m,2007,282.0
slv,sex_f,2007,232.0
slv,sex_t,2008,266.0
slv,sex_m,2008,284.0
slv,sex_f,2008,241.0
slv,sex_t,2009,278.0
slv,sex_m,2009,304.0
slv,sex_f,2009,247.0
slv,sex_t,2010,272.0
slv,sex_m,2010,292.0
slv,sex_f,2010,247.0
svk,sex_t,2002,14597.0
svk,sex_t,2003,15359.0
svk,sex_t,2004,17042.0
svk,sex_t,2005,18504.0
svk,sex_m,2005,21503.0
svk,sex_f,2005,15394.0
svk,sex_t,2006,19774.0
svk,sex_m,2006,22686.0
svk,sex_f,2006,16575.0
svk,sex_t,2007,21658.0
svk,sex_m,2007,24727.0
svk,sex_f,2007,18341.0
svk,sex_t,2008,23288.0
svk,sex_m,2008,26318.0
svk,sex_f,2008,20010.0
svk,sex_t,2009,803.0
svk,sex_m,2009,913.0
svk,sex_f,2009,682.0
svk,sex_t,2010,831.0
svk,sex_m,2010,941.0
svk,sex_f,2010,709.0
svk,sex_t,2011,855.0
svk,sex_m,2011,966.0
svk,sex_f,2011,732.0
svn,sex_t,2004,266522.0
svn,sex_m,2004,275426.0
svn,sex_f,2004,256193.0
svn,sex_t,2005,1178.0
svn,sex_m,2005,1216.0
svn,sex_f,2005,1132.0
svn,sex_t,2006,1244.0
svn,sex_m,2006,1284.0
svn,sex_f,2006,1196.0
svn,sex_t,2007,1322.0
svn,sex_m,2007,1370.0
svn,sex_f,2007,1263.0
svn,sex_t,2008,1431.0
svn,sex_m,2008,1481.0
svn,sex_f,2008,1369.0
svn,sex_t,2009,1479.0
svn,sex_m,2009,1499.0
svn,sex_f,2009,1454.0
svn,sex_t,2010,1549.0
svn,sex_m,2010,1574.0
svn,sex_f,2010,1519.0
swe,sex_t,1995,16000.0
swe,sex_m,1995,17300.0
swe,sex_f,1995,14700.0
swe,sex_t,1996,17000.0
swe,sex_m,1996,18600.0
swe,sex_f,1996,15500.0
swe,sex_t,1997,17900.0
swe,sex_m,1997,19600.0
swe,sex_f,1997,16200.0
swe,sex_t,1998,18600.0
swe,sex_m,1998,20400.0
swe,sex_f,1998,16800.0
swe,sex_t,1999,19400.0
swe,sex_m,1999,21200.0
swe,sex_f,1999,17600.0
swe,sex_t,2000,20500.0
swe,sex_m,2000,22500.0
swe,sex_f,2000,18400.0
swe,sex_t,2001,21300.0
swe,sex_m,2001,23300.0
swe,sex_f,2001,19200.0
swe,sex_t,2002,22100.0
swe,sex_m,2002,24100.0
swe,sex_f,2002,20000.0
swe,sex_t,2003,22800.0
swe,sex_m,2003,24800.0
swe,sex_f,2003,20700.0
swe,sex_t,2004,23600.0
swe,sex_m,2004,25700.0
swe,sex_f,2004,21500.0
swe,sex_t,2005,24300.0
swe,sex_m,2005,26400.0
swe,sex_f,2005,22100.0
swe,sex_t,2006,25000.0
swe,sex_m,2006,27100.0
swe,sex_f,2006,22800.0
swe,sex_t,2007,25800.0
swe,sex_m,2007,28000.0
swe,sex_f,2007,23500.0
swe,sex_t,2008,27100.0
swe,sex_m,2008,29400.0
swe,sex_f,2008,24700.0
swe,sex_t,2009,27900.0
swe,sex_m,2009,30100.0
swe,sex_f,2009,25700.0
swe,sex_t,2010,28400.0
swe,sex_m,2010,30600.0
swe,sex_f,2010,26200.0
swe,sex_t,2011,29000.0
swe,sex_m,2011,31200.0
swe,sex_f,2011,26800.0
swz,sex_t,1995,1091.0
swz,sex_m,1995,1087.0
swz,sex_f,1995,1100.0
swz,sex_t,1996,1185.0
swz,sex_m,1996,1192.0
swz,sex_f,1996,1167.0
swz,sex_t,1997,1394.0
swz,sex_m,1997,1564.0
swz,sex_f,1997,1365.0
swz,sex_t,1998,1585.0
swz,sex_m,1998,1661.0
swz,sex_f,1998,1494.0
swz,sex_t,1999,1706.0
swz,sex_m,1999,1962.0
swz,sex_f,1999,1776.0
swz,sex_t,2000,1755.0
swz,sex_m,2000,1791.0
swz,sex_f,2000,1681.0
syr,sex_t,2006,8696.0
syr,sex_m,2006,8669.0
syr,sex_f,2006,8834.0
syr,sex_t,2007,9017.0
syr,sex_m,2007,8961.0
syr,sex_f,2007,9306.0
syr,sex_t,2008,10622.0
syr,sex_m,2008,10552.0
syr,sex_f,2008,10977.0
syr,sex_t,2009,11096.0
syr,sex_m,2009,10967.0
syr,sex_f,2009,11779.0
syr,sex_t,2010,11344.0
syr,sex_m,2010,11227.0
syr,sex_f,2010,11981.0
syr,sex_t,2011,13844.0
syr,sex_m,2011,13502.0
syr,sex_f,2011,15592.0
tha,sex_t,2001,6663.0
tha,sex_m,2001,6951.0
tha,sex_f,2001,6291.0
tha,sex_t,2002,6611.0
tha,sex_m,2002,6940.0
tha,sex_f,2002,6184.0
tha,sex_t,2003,6759.0
tha,sex_m,2003,7091.0
tha,sex_f,2003,6328.0
tha,sex_t,2004,6915.0
tha,sex_m,2004,7206.0
tha,sex_f,2004,6533.0
tha,sex_t,2005,7389.0
tha,sex_m,2005,7683.0
tha,sex_f,2005,7019.0
tha,sex_t,2006,7851.0
tha,sex_m,2006,8071.0
tha,sex_f,2006,7571.0
tha,sex_t,2007,8085.0
tha,sex_m,2007,8315.0
tha,sex_f,2007,7801.0
tha,sex_t,2008,8913.0
tha,sex_m,2008,9091.0
tha,sex_f,2008,8693.0
tha,sex_t,2009,8694.0
tha,sex_m,2009,8833.0
tha,sex_f,2009,8521.0
tha,sex_t,2010,9262.0
tha,sex_m,2010,9404.0
tha,sex_f,2010,9085.0
tha,sex_t,2011,9935.0
tha,sex_m,2011,10093.0
tha,sex_f,2011,9740.0
tur,sex_t,2006,1103.0
tur,sex_m,2006,1107.0
tur,sex_f,2006,1091.0
tur,sex_t,2010,1512.0
tur,sex_m,2010,1510.0
tur,sex_f,2010,1519.0
twn,sex_t,1995,35389.0
twn,sex_m,1995,40571.0
twn,sex_f,1995,28395.0
twn,sex_t,1996,36699.0
twn,sex_m,1996,41892.0
twn,sex_f,1996,29745.0
twn,sex_t,1997,38489.0
twn,sex_m,1997,43714.0
twn,sex_f,1997,31522.0
twn,sex_t,1998,39673.0
twn,sex_m,1998,45004.0
twn,sex_f,1998,32686.0
twn,sex_t,1999,40842.0
twn,sex_m,1999,46165.0
twn,sex_f,1999,33962.0
twn,sex_t,2000,41861.0
twn,sex_m,2000,47253.0
twn,sex_f,2000,35007.0
twn,sex_t,2001,41960.0
twn,sex_m,2001,47010.0
twn,sex_f,2001,35620.0
twn,sex_t,2002,41530.0
twn,sex_m,2002,46128.0
twn,sex_f,2002,35838.0
twn,sex_t,2003,42065.0
twn,sex_m,2003,46691.0
twn,sex_f,2003,36371.0
twn,sex_t,2004,42685.0
twn,sex_m,2004,47472.0
twn,sex_f,2004,36845.0
twn,sex_t,2005,43163.0
twn,sex_m,2005,47836.0
twn,sex_f,2005,37480.0
twn,sex_t,2006,43493.0
twn,sex_m,2006,48021.0
twn,sex_f,2006,38035.0
twn,sex_t,2007,44414.0
twn,sex_m,2007,48903.0
twn,sex_f,2007,39032.0
twn,sex_t,2008,44424.0
twn,sex_m,2008,49065.0
twn,sex_f,2008,38870.0
twn,sex_t,2009,42176.0
twn,sex_m,2009,46459.0
twn,sex_f,2009,37144.0
twn,sex_t,2010,44430.0
twn,sex_m,2010,48898.0
twn,sex_f,2010,39176.0
twn,sex_t,2011,45642.0
twn,sex_m,2011,50296.0
twn,sex_f,2011,40187.0
ukr,sex_t,1995,73.0
ukr,sex_m,1995,98.0
ukr,sex_f,1995,66.0
ukr,sex_t,1996,126.0
ukr,sex_m,1996,167.0
ukr,sex_f,1996,114.0
ukr,sex_t,1997,143.0
ukr,sex_m,1997,182.0
ukr,sex_f,1997,132.0
ukr,sex_t,1998,153.0
ukr,sex_m,1998,176.0
ukr,sex_f,1998,131.0
ukr,sex_t,1999,178.0
ukr,sex_m,1999,206.0
ukr,sex_f,1999,149.0
ukr,sex_t,2000,230.0
ukr,sex_m,2000,269.0
ukr,sex_f,2000,191.0
ukr,sex_t,2001,311.0
ukr,sex_m,2001,367.0
ukr,sex_f,2001,256.0
ukr,sex_t,2002,376.0
ukr,sex_m,2002,447.0
ukr,sex_f,2002,310.0
ukr,sex_t,2003,462.0
ukr,sex_m,2003,552.0
ukr,sex_f,2003,379.0
ukr,sex_t,2004,590.0
ukr,sex_m,2004,707.0
ukr,sex_f,2004,485.0
ukr,sex_t,2005,806.0
ukr,sex_m,2005,953.0
ukr,sex_f,2005,675.0
ukr,sex_t,2006,1041.0
ukr,sex_m,2006,1216.0
ukr,sex_f,2006,885.0
ukr,sex_t,2007,1351.0
ukr,sex_m,2007,1578.0
ukr,sex_f,2007,1150.0
ukr,sex_t,2008,1806.0
ukr,sex_m,2008,2080.0
ukr,sex_f,2008,1565.0
ukr,sex_t,2009,1906.0
ukr,sex_m,2009,2173.0
ukr,sex_f,2009,1677.0
ukr,sex_t,2010,2239.0
ukr,sex_m,2010,2538.0
ukr,sex_f,2010,1974.0
ukr,sex_t,2011,2633.0
ukr,sex_m,2011,3035.0
ukr,sex_f,2011,2272.0
ury,sex_t,2000,6615.0
ury,sex_m,2000,7701.0
ury,sex_f,2000,5313.0
ury,sex_t,2001,6601.0
ury,sex_m,2001,7600.0
ury,sex_f,2001,5431.0
ury,sex_t,2002,6688.0
ury,sex_m,2002,7744.0
ury,sex_f,2002,5481.0
ury,sex_t,2003,6861.0
ury,sex_m,2003,7855.0
ury,sex_f,2003,5757.0
ury,sex_t,2004,7445.0
ury,sex_m,2004,8608.0
ury,sex_f,2004,6082.0
ury,sex_t,2005,7880.0
ury,sex_m,2005,8970.0
ury,sex_f,2005,6667.0
ury,sex_t,2006,9211.0
ury,sex_m,2006,10475.0
ury,sex_f,2006,7692.0
ury,sex_t,2007,10622.0
ury,sex_m,2007,12048.0
ury,sex_f,2007,9016.0
ury,sex_t,2008,11667.0
ury,sex_m,2008,13563.0
ury,sex_f,2008,9609.0
ury,sex_t,2009,13662.0
ury,sex_m,2009,15824.0
ury,sex_f,2009,11295.0
ury,sex_t,2010,14528.0
ury,sex_m,2010,16579.0
ury,sex_f,2010,12282.0
ury,sex_t,2011,16610.0
ury,sex_m,2011,18819.0
ury,sex_f,2011,14151.0
ven,sex_t,1995,41.0
ven,sex_m,1995,43.0
ven,sex_f,1995,39.0
ven,sex_t,1996,70.0
ven,sex_m,1996,73.0
ven,sex_f,1996,65.0
ven,sex_t,1997,122.0
ven,sex_m,1997,127.0
ven,sex_f,1997,115.0
ven,sex_t,1998,160.0
ven,sex_m,1998,166.0
ven,sex_f,1998,149.0
ven,sex_t,1999,183.0
ven,sex_m,1999,189.0
ven,sex_f,1999,174.0
ven,sex_t,2000,197.0
ven,sex_m,2000,203.0
ven,sex_f,2000,188.0
ven,sex_t,2001,241.0
ven,sex_m,2001,245.0
ven,sex_f,2001,234.0
ven,sex_t,2002,268.0
ven,sex_m,2002,272.0
ven,sex_f,2002,262.0
ven,sex_t,2003,301.0
ven,sex_m,2003,311.0
ven,sex_f,2003,284.0
ven,sex_t,2004,401.0
ven,sex_m,2004,414.0
ven,sex_f,2004,382.0
ven,sex_t,2005,527.0
ven,sex_m,2005,541.0
ven,sex_f,2005,504.0
ven,sex_t,2006,690.0
ven,sex_m,2006,714.0
ven,sex_f,2006,654.0
ven,sex_t,2007,895.0
ven,sex_m,2007,923.0
ven,sex_f,2007,852.0
ven,sex_t,2008,1196.0
ven,sex_m,2008,1244.0
ven,sex_f,2008,1127.0
ven,sex_t,2009,1478.0
ven,sex_m,2009,1513.0
ven,sex_f,2009,1428.0
ven,sex_t,2010,1881.0
ven,sex_m,2010,1928.0
ven,sex_f,2010,1815.0
vnm,sex_m,2007,1464000.0
vnm,sex_f,2007,1280000.0
vnm,sex_t,2009,2106100.0
vnm,sex_m,2009,2562000.0
vnm,sex_f,2009,2175000.0
vnm,sex_t,2010,2519000.0
vnm,sex_m,2010,2668000.0
vnm,sex_f,2010,2297000.0
